datum,demand
2014-01-02,32.4
2014-01-03,50.6
2014-01-04,61.85
2014-01-05,41.1
2014-01-06,21.7
2014-01-07,0.0
2014-01-08,26.4
2014-01-09,25.0
2014-01-10,53.3
2014-01-11,52.3
2014-01-12,12.0
2014-01-13,52.0
2014-01-14,33.7
2014-01-15,26.7
2014-01-16,28.3
2014-01-17,20.4
2014-01-18,43.2
2014-01-19,14.1
2014-01-20,11.9
2014-01-21,42.0
2014-01-22,18.1
2014-01-23,26.2
2014-01-24,19.6
2014-01-25,37.8
2014-01-26,24.0
2014-01-27,23.6
2014-01-28,13.38
2014-01-29,14.0
2014-01-30,25.5
2014-01-31,26.9
2014-02-01,43.0
2014-02-02,13.5
2014-02-03,32.4
2014-02-04,30.6
2014-02-05,32.4
2014-02-06,41.4
2014-02-07,21.4
2014-02-08,37.1
2014-02-09,31.5
2014-02-10,40.1
2014-02-11,44.6
2014-02-12,73.6
2014-02-13,49.1
2014-02-14,42.3
2014-02-15,37.0
2014-02-16,34.0
2014-02-17,27.0
2014-02-18,45.0
2014-02-19,66.8
2014-02-20,21.5
2014-02-21,25.4
2014-02-22,26.0
2014-02-23,21.0
2014-02-24,26.5
2014-02-25,34.5
2014-02-26,34.0
2014-02-27,33.2
2014-02-28,37.0
2014-03-01,50.7
2014-03-02,6.6
2014-03-03,22.1
2014-03-04,47.275
2014-03-05,25.0
2014-03-06,44.1
2014-03-07,25.0
2014-03-08,27.6
2014-03-09,11.3
2014-03-10,47.0
2014-03-11,30.4
2014-03-12,19.6
2014-03-13,15.5
2014-03-14,16.0
2014-03-15,23.3
2014-03-16,13.0
2014-03-17,37.0
2014-03-18,20.1
2014-03-19,21.8
2014-03-20,38.2
2014-03-21,40.0
2014-03-22,26.3
2014-03-23,19.4
2014-03-24,23.6
2014-03-25,38.6
2014-03-26,6.7
2014-03-27,20.7
2014-03-28,11.0
2014-03-29,24.0
2014-03-30,12.0
2014-03-31,15.4
2014-04-01,27.5
2014-04-02,23.0
2014-04-03,19.2
2014-04-04,24.0
2014-04-05,25.6
2014-04-06,19.0
2014-04-07,31.5
2014-04-08,19.0
2014-04-09,18.0
2014-04-10,18.0
2014-04-11,25.0
2014-04-12,23.5
2014-04-13,6.0
2014-04-14,28.28
2014-04-15,18.7
2014-04-16,25.62
2014-04-17,16.0
2014-04-18,23.3
2014-04-19,22.3
2014-04-20,0.0
2014-04-21,13.5
2014-04-22,32.0
2014-04-23,24.9
2014-04-24,26.0
2014-04-25,24.9
2014-04-26,35.0
2014-04-27,26.2
2014-04-28,29.1
2014-04-29,30.3
2014-04-30,43.1
2014-05-01,0.0
2014-05-02,39.5
2014-05-03,14.6
2014-05-04,20.0
2014-05-05,20.0
2014-05-06,22.0
2014-05-07,16.8
2014-05-08,20.4
2014-05-09,16.0
2014-05-10,39.4
2014-05-11,17.0
2014-05-12,12.0
2014-05-13,32.0
2014-05-14,24.3
2014-05-15,19.3
2014-05-16,22.0
2014-05-17,35.0
2014-05-18,9.4
2014-05-19,12.8
2014-05-20,27.0
2014-05-21,15.4
2014-05-22,8.0
2014-05-23,17.5
2014-05-24,28.0
2014-05-25,7.0
2014-05-26,18.0
2014-05-27,28.6
2014-05-28,10.28
2014-05-29,27.0
2014-05-30,21.5
2014-05-31,28.0
2014-06-01,10.0
2014-06-02,23.3
2014-06-03,24.0
2014-06-04,24.0
2014-06-05,22.5
2014-06-06,16.625
2014-06-07,33.0
2014-06-08,11.0
2014-06-09,18.0
2014-06-10,23.0
2014-06-11,12.5
2014-06-12,15.8
2014-06-13,10.0
2014-06-14,8.0
2014-06-15,8.0
2014-06-16,12.2
2014-06-17,14.0
2014-06-18,18.0
2014-06-19,14.0
2014-06-20,14.5
2014-06-21,16.0
2014-06-22,18.0
2014-06-23,25.2
2014-06-24,16.2
2014-06-25,33.8
2014-06-26,19.3
2014-06-27,32.3
2014-06-28,20.0
2014-06-29,10.0
2014-06-30,25.0
2014-07-01,19.0
2014-07-02,21.6
2014-07-03,12.5
2014-07-04,10.5
2014-07-05,37.0
2014-07-06,10.2
2014-07-07,13.0
2014-07-08,14.0
2014-07-09,13.0
2014-07-10,21.2
2014-07-11,16.5
2014-07-12,28.1
2014-07-13,17.0
2014-07-14,11.8
2014-07-15,15.6
2014-07-16,13.0
2014-07-17,25.0
2014-07-18,14.2
2014-07-19,8.4
2014-07-20,8.0
2014-07-21,20.0
2014-07-22,9.0
2014-07-23,8.0
2014-07-24,23.0
2014-07-25,10.0
2014-07-26,36.2
2014-07-27,10.0
2014-07-28,9.1
2014-07-29,13.0
2014-07-30,13.5
2014-07-31,10.5
2014-08-01,14.0
2014-08-02,29.0
2014-08-03,6.0
2014-08-04,21.5
2014-08-05,17.1
2014-08-06,17.0
2014-08-07,33.0
2014-08-08,13.0
2014-08-09,19.0
2014-08-10,3.0
2014-08-11,20.0
2014-08-12,10.0
2014-08-13,20.3
2014-08-14,14.4
2014-08-15,13.2
2014-08-16,19.0
2014-08-17,6.5
2014-08-18,16.5
2014-08-19,16.1
2014-08-20,9.0
2014-08-21,18.0
2014-08-22,19.0
2014-08-23,25.6
2014-08-24,7.0
2014-08-25,21.2
2014-08-26,31.0
2014-08-27,21.0
2014-08-28,32.67
2014-08-29,26.28
2014-08-30,13.0
2014-08-31,15.0
2014-09-01,15.5
2014-09-02,20.14
2014-09-03,22.18
2014-09-04,17.6
2014-09-05,15.6
2014-09-06,15.7
2014-09-07,7.0
2014-09-08,20.8
2014-09-09,29.2
2014-09-10,37.8
2014-09-11,32.2
2014-09-12,20.0
2014-09-13,56.85
2014-09-14,19.5
2014-09-15,28.2
2014-09-16,59.3
2014-09-17,39.6
2014-09-18,44.0
2014-09-19,23.0
2014-09-20,20.6
2014-09-21,12.4
2014-09-22,34.2
2014-09-23,26.0
2014-09-24,24.7
2014-09-25,49.15
2014-09-26,38.0
2014-09-27,46.3
2014-09-28,21.2
2014-09-29,29.8
2014-09-30,61.3
2014-10-01,44.0
2014-10-02,23.9
2014-10-03,44.14
2014-10-04,49.9
2014-10-05,19.0
2014-10-06,69.875
2014-10-07,41.7
2014-10-08,50.0
2014-10-09,48.2
2014-10-10,28.8
2014-10-11,35.9
2014-10-12,22.5
2014-10-13,31.9
2014-10-14,31.8
2014-10-15,23.7
2014-10-16,58.921875
2014-10-17,42.0
2014-10-18,21.4
2014-10-19,13.9
2014-10-20,35.4
2014-10-21,14.3
2014-10-22,20.9
2014-10-23,32.2
2014-10-24,49.4
2014-10-25,31.0
2014-10-26,30.4
2014-10-27,25.3
2014-10-28,40.4
2014-10-29,41.0
2014-10-30,20.3
2014-10-31,31.0
2014-11-01,43.8
2014-11-02,2.0
2014-11-03,27.8
2014-11-04,26.5
2014-11-05,27.0
2014-11-06,23.4
2014-11-07,15.8
2014-11-08,34.4
2014-11-09,23.0
2014-11-10,24.3
2014-11-11,23.0
2014-11-12,25.0
2014-11-13,33.2
2014-11-14,29.4
2014-11-15,23.6
2014-11-16,18.6
2014-11-17,23.0
2014-11-18,19.3
2014-11-19,32.0
2014-11-20,18.8
2014-11-21,22.4
2014-11-22,23.7
2014-11-23,22.3
2014-11-24,30.6
2014-11-25,19.2
2014-11-26,21.0
2014-11-27,21.2
2014-11-28,15.9
2014-11-29,31.0
2014-11-30,22.6
2014-12-01,36.4
2014-12-02,7.8
2014-12-03,16.6
2014-12-04,28.7
2014-12-05,28.1
2014-12-06,12.4
2014-12-07,45.7
2014-12-08,20.3
2014-12-09,27.28
2014-12-10,51.2
2014-12-11,16.3
2014-12-12,41.4
2014-12-13,25.1
2014-12-14,40.0
2014-12-15,42.2
2014-12-16,23.0
2014-12-17,28.0
2014-12-18,26.6
2014-12-19,0.0
2014-12-20,31.3
2014-12-21,52.5
2014-12-22,19.6
2014-12-23,40.4
2014-12-24,41.6
2014-12-25,31.0
2014-12-26,30.7
2014-12-27,39.0
2014-12-28,80.4
2014-12-29,40.0
2014-12-30,51.0
2014-12-31,41.08
2015-01-01,0.0
2015-01-02,50.8
2015-01-03,57.24
2015-01-04,60.1
2015-01-05,33.6
2015-01-06,42.0
2015-01-07,0.0
2015-01-08,46.4
2015-01-09,36.2
2015-01-10,32.6
2015-01-11,43.6
2015-01-12,36.6
2015-01-13,34.0
2015-01-14,23.0
2015-01-15,55.25
2015-01-16,43.0
2015-01-17,19.2
2015-01-18,20.4
2015-01-19,32.0
2015-01-20,38.0
2015-01-21,37.45
2015-01-22,21.4
2015-01-23,30.0
2015-01-24,49.7
2015-01-25,38.0
2015-01-26,34.4
2015-01-27,20.0
2015-01-28,32.0
2015-01-29,24.4
2015-01-30,20.5
2015-01-31,32.4
2015-02-01,35.6
2015-02-02,20.9
2015-02-03,24.2
2015-02-04,38.8
2015-02-05,24.85
2015-02-06,23.0
2015-02-07,33.6
2015-02-08,29.9
2015-02-09,20.7
2015-02-10,33.0
2015-02-11,48.5
2015-02-12,23.82
2015-02-13,29.6
2015-02-14,29.2
2015-02-15,38.0
2015-02-16,40.1
2015-02-17,36.2
2015-02-18,36.212
2015-02-19,36.7
2015-02-20,27.0
2015-02-21,57.0
2015-02-22,50.6
2015-02-23,55.4
2015-02-24,22.07
2015-02-25,24.0
2015-02-26,36.7
2015-02-27,51.0
2015-02-28,26.6
2015-03-01,25.9
2015-03-02,40.7
2015-03-03,45.6
2015-03-04,46.85
2015-03-05,35.0
2015-03-06,19.8
2015-03-07,2.0
2015-03-08,55.4
2015-03-09,32.7
2015-03-10,40.4
2015-03-11,32.0
2015-03-12,19.0
2015-03-13,63.4
2015-03-14,39.1
2015-03-15,41.0
2015-03-16,46.8
2015-03-17,28.8
2015-03-18,24.4
2015-03-19,31.0
2015-03-20,38.6
2015-03-21,41.6
2015-03-22,43.2
2015-03-23,28.0
2015-03-24,22.4
2015-03-25,17.6
2015-03-26,51.4
2015-03-27,27.0
2015-03-28,50.5
2015-03-29,35.5
2015-03-30,25.7
2015-03-31,33.5
2015-04-01,24.8
2015-04-02,35.07
2015-04-03,34.2
2015-04-04,43.0
2015-04-05,31.6
2015-04-06,32.9
2015-04-07,25.0
2015-04-08,18.0
2015-04-09,22.2
2015-04-10,65.6
2015-04-11,26.0
2015-04-12,0.0
2015-04-13,25.2
2015-04-14,41.8
2015-04-15,29.25
2015-04-16,30.6
2015-04-17,29.65
2015-04-18,31.3
2015-04-19,36.5
2015-04-20,38.0
2015-04-21,35.2
2015-04-22,32.0
2015-04-23,28.2
2015-04-24,30.0
2015-04-25,38.1
2015-04-26,37.6
2015-04-27,43.0
2015-04-28,15.2
2015-04-29,27.6
2015-04-30,32.6
2015-05-01,11.4
2015-05-02,47.8
2015-05-03,19.2
2015-05-04,36.0
2015-05-05,19.0
2015-05-06,40.2
2015-05-07,21.0
2015-05-08,16.0
2015-05-09,21.0
2015-05-10,13.0
2015-05-11,21.0
2015-05-12,22.95
2015-05-13,28.4
2015-05-14,14.0
2015-05-15,48.4
2015-05-16,40.4
2015-05-17,23.2
2015-05-18,21.4
2015-05-19,20.0
2015-05-20,17.0
2015-05-21,10.0
2015-05-22,15.0
2015-05-23,23.45
2015-05-24,20.0
2015-05-25,30.0
2015-05-26,27.0
2015-05-27,24.2
2015-05-28,17.1
2015-05-29,41.8
2015-05-30,24.5
2015-05-31,31.5
2015-06-01,23.55
2015-06-02,24.0
2015-06-03,30.0
2015-06-04,20.0
2015-06-05,13.0
2015-06-06,16.0
2015-06-07,17.0
2015-06-08,31.0
2015-06-09,26.6
2015-06-10,18.676
2015-06-11,38.3
2015-06-12,17.5
2015-06-13,21.4
2015-06-14,14.0
2015-06-15,37.0
2015-06-16,20.0
2015-06-17,24.0
2015-06-18,24.6
2015-06-19,24.0
2015-06-20,26.8
2015-06-21,18.0
2015-06-22,29.062
2015-06-23,19.0
2015-06-24,23.8
2015-06-25,24.125
2015-06-26,29.0
2015-06-27,36.0
2015-06-28,12.0
2015-06-29,22.0
2015-06-30,35.0
2015-07-01,18.25
2015-07-02,23.15
2015-07-03,24.5
2015-07-04,15.2
2015-07-05,14.0
2015-07-06,20.0
2015-07-07,19.6
2015-07-08,18.6
2015-07-09,32.75
2015-07-10,37.0
2015-07-11,45.0
2015-07-12,25.3
2015-07-13,22.55
2015-07-14,14.0
2015-07-15,20.2
2015-07-16,18.0
2015-07-17,28.0
2015-07-18,25.0
2015-07-19,15.0
2015-07-20,41.0
2015-07-21,14.25
2015-07-22,22.0
2015-07-23,14.0
2015-07-24,29.6
2015-07-25,22.0
2015-07-26,29.0
2015-07-27,24.0
2015-07-28,15.2
2015-07-29,21.378
2015-07-30,16.3
2015-07-31,24.0
2015-08-01,19.0
2015-08-02,15.0
2015-08-03,23.0
2015-08-04,23.0
2015-08-05,22.2
2015-08-06,35.0
2015-08-07,22.0
2015-08-08,22.0
2015-08-09,21.0
2015-08-10,29.0
2015-08-11,18.1
2015-08-12,28.2
2015-08-13,23.438
2015-08-14,16.7
2015-08-15,35.0
2015-08-16,19.25
2015-08-17,33.0
2015-08-18,24.0
2015-08-19,28.0
2015-08-20,19.0
2015-08-21,34.0
2015-08-22,28.0
2015-08-23,28.0
2015-08-24,45.1
2015-08-25,23.5
2015-08-26,27.0
2015-08-27,32.0
2015-08-28,15.1
2015-08-29,23.2
2015-08-30,21.0
2015-08-31,38.0
2015-09-01,28.25
2015-09-02,31.3
2015-09-03,19.0
2015-09-04,20.0
2015-09-05,20.0
2015-09-06,23.6
2015-09-07,32.8
2015-09-08,29.2
2015-09-09,34.7
2015-09-10,21.2
2015-09-11,30.0
2015-09-12,63.3
2015-09-13,25.0
2015-09-14,31.3
2015-09-15,23.8
2015-09-16,16.6
2015-09-17,35.5
2015-09-18,16.0
2015-09-19,37.0
2015-09-20,28.9
2015-09-21,46.7
2015-09-22,19.5
2015-09-23,34.65
2015-09-24,37.6
2015-09-25,25.2
2015-09-26,33.0
2015-09-27,10.425
2015-09-28,15.4
2015-09-29,39.7
2015-09-30,22.5
2015-10-01,34.562
2015-10-02,37.3
2015-10-03,37.2
2015-10-04,59.0
2015-10-05,70.95
2015-10-06,42.725
2015-10-07,44.3
2015-10-08,30.7
2015-10-09,28.062
2015-10-10,46.3
2015-10-11,70.3
2015-10-12,68.85
2015-10-13,63.8
2015-10-14,38.6
2015-10-15,64.724
2015-10-16,57.3
2015-10-17,74.3
2015-10-18,55.6
2015-10-19,62.6
2015-10-20,44.7
2015-10-21,36.8
2015-10-22,35.262
2015-10-23,41.4
2015-10-24,67.4
2015-10-25,64.6
2015-10-26,53.3
2015-10-27,64.4
2015-10-28,33.0
2015-10-29,38.3
2015-10-30,49.6
2015-10-31,58.4
2015-11-01,80.4
2015-11-02,46.3
2015-11-03,41.8
2015-11-04,59.8
2015-11-05,45.0
2015-11-06,31.475
2015-11-07,69.9
2015-11-08,48.6
2015-11-09,40.75
2015-11-10,41.2
2015-11-11,60.0
2015-11-12,24.0
2015-11-13,22.0
2015-11-14,19.0
2015-11-15,42.35
2015-11-16,50.3
2015-11-17,60.0
2015-11-18,24.5
2015-11-19,26.4
2015-11-20,25.6
2015-11-21,45.5
2015-11-22,41.2
2015-11-23,69.0
2015-11-24,19.8
2015-11-25,29.0
2015-11-26,25.975
2015-11-27,20.8
2015-11-28,46.825
2015-11-29,42.2
2015-11-30,35.3
2015-12-01,23.9
2015-12-02,42.0
2015-12-03,56.0
2015-12-04,25.6
2015-12-05,35.05
2015-12-06,60.4
2015-12-07,26.5
2015-12-08,41.325
2015-12-09,41.262
2015-12-10,31.9
2015-12-11,22.7
2015-12-12,42.2
2015-12-13,29.0
2015-12-14,37.4
2015-12-15,42.0
2015-12-16,42.0
2015-12-17,25.0
2015-12-18,27.2
2015-12-19,0.0
2015-12-20,43.0
2015-12-21,53.6
2015-12-22,48.0
2015-12-23,28.8
2015-12-24,28.3
2015-12-25,20.662
2015-12-26,87.2
2015-12-27,63.5
2015-12-28,61.5
2015-12-29,71.6
2015-12-30,56.4
2015-12-31,44.35
2016-01-01,0.0
2016-01-02,51.2
2016-01-03,56.1
2016-01-04,46.6
2016-01-05,38.6
2016-01-06,61.9
2016-01-07,0.0
2016-01-08,39.2
2016-01-09,88.3
2016-01-10,67.6
2016-01-11,64.9
2016-01-12,61.35
2016-01-13,41.7
2016-01-14,69.0
2016-01-15,18.1
2016-01-16,63.6
2016-01-17,46.6
2016-01-18,62.8
2016-01-19,49.8
2016-01-20,15.1
2016-01-21,68.4
2016-01-22,39.5
2016-01-23,36.8
2016-01-24,48.1
2016-01-25,46.95
2016-01-26,30.3
2016-01-27,30.062
2016-01-28,33.0
2016-01-29,74.4
2016-01-30,47.462
2016-01-31,78.9
2016-02-01,18.0
2016-02-02,39.0
2016-02-03,39.062
2016-02-04,28.8
2016-02-05,51.6
2016-02-06,57.162
2016-02-07,88.2
2016-02-08,28.038
2016-02-09,47.7
2016-02-10,34.1
2016-02-11,38.1
2016-02-12,60.675
2016-02-13,42.4
2016-02-14,43.6
2016-02-15,52.2
2016-02-16,29.0
2016-02-17,26.6
2016-02-18,43.85
2016-02-19,28.7
2016-02-20,36.9
2016-02-21,55.7
2016-02-22,51.125
2016-02-23,41.3
2016-02-24,35.0
2016-02-25,41.0
2016-02-26,28.55
2016-02-27,25.8
2016-02-28,66.5
2016-02-29,46.2
2016-03-01,31.0
2016-03-02,21.3
2016-03-03,55.8
2016-03-04,26.6
2016-03-05,38.0
2016-03-06,79.9
2016-03-07,43.5
2016-03-08,44.0
2016-03-09,21.8
2016-03-10,23.4
2016-03-11,22.0
2016-03-12,41.8
2016-03-13,59.2
2016-03-14,35.9
2016-03-15,24.0
2016-03-16,37.4
2016-03-17,60.2
2016-03-18,25.462
2016-03-19,19.5
2016-03-20,42.2
2016-03-21,45.7
2016-03-22,42.188
2016-03-23,24.25
2016-03-24,32.0
2016-03-25,42.8
2016-03-26,33.25
2016-03-27,63.3
2016-03-28,24.6
2016-03-29,36.2
2016-03-30,22.2
2016-03-31,31.25
2016-04-01,50.4
2016-04-02,32.3
2016-04-03,73.5
2016-04-04,21.6
2016-04-05,40.3
2016-04-06,15.25
2016-04-07,21.0
2016-04-08,42.3
2016-04-09,38.8
2016-04-10,21.4
2016-04-11,26.0
2016-04-12,41.6
2016-04-13,34.0
2016-04-14,44.225
2016-04-15,23.6
2016-04-16,33.0
2016-04-17,52.8
2016-04-18,22.1
2016-04-19,24.3
2016-04-20,17.1
2016-04-21,21.6
2016-04-22,21.9
2016-04-23,33.2
2016-04-24,36.95
2016-04-25,21.7
2016-04-26,27.2
2016-04-27,47.4
2016-04-28,28.0
2016-04-29,37.0
2016-04-30,47.812
2016-05-01,0.0
2016-05-02,39.2
2016-05-03,23.9
2016-05-04,32.2
2016-05-05,41.0
2016-05-06,33.6
2016-05-07,47.2
2016-05-08,40.4
2016-05-09,29.2
2016-05-10,28.25
2016-05-11,23.0
2016-05-12,28.1
2016-05-13,37.0
2016-05-14,31.25
2016-05-15,44.1
2016-05-16,24.0
2016-05-17,38.4
2016-05-18,35.0
2016-05-19,30.5
2016-05-20,14.0
2016-05-21,42.5
2016-05-22,55.6
2016-05-23,54.7
2016-05-24,32.0
2016-05-25,25.05
2016-05-26,24.8
2016-05-27,17.0
2016-05-28,43.0
2016-05-29,31.8
2016-05-30,29.4
2016-05-31,21.0
2016-06-01,20.0
2016-06-02,21.25
2016-06-03,18.0
2016-06-04,21.0
2016-06-05,23.4
2016-06-06,26.2
2016-06-07,28.5
2016-06-08,45.062
2016-06-09,20.6
2016-06-10,26.0
2016-06-11,35.6
2016-06-12,47.0
2016-06-13,15.0
2016-06-14,17.4
2016-06-15,35.0
2016-06-16,20.5
2016-06-17,20.0
2016-06-18,37.5
2016-06-19,40.0
2016-06-20,22.388
2016-06-21,23.0
2016-06-22,42.0
2016-06-23,19.0
2016-06-24,19.0
2016-06-25,20.25
2016-06-26,17.4
2016-06-27,24.0
2016-06-28,24.0
2016-06-29,22.0
2016-06-30,9.0
2016-07-01,24.0
2016-07-02,25.4
2016-07-03,18.6
2016-07-04,14.0
2016-07-05,19.0
2016-07-06,30.0
2016-07-07,21.0
2016-07-08,28.0
2016-07-09,11.0
2016-07-10,29.0
2016-07-11,19.312
2016-07-12,27.2
2016-07-13,26.4
2016-07-14,12.4
2016-07-15,15.0
2016-07-16,23.3
2016-07-17,26.65
2016-07-18,25.4
2016-07-19,19.0
2016-07-20,25.2
2016-07-21,17.0
2016-07-22,14.0
2016-07-23,15.0
2016-07-24,32.0
2016-07-25,22.0
2016-07-26,10.0
2016-07-27,10.0
2016-07-28,22.5
2016-07-29,11.0
2016-07-30,37.0
2016-07-31,22.0
2016-08-01,14.0
2016-08-02,12.0
2016-08-03,21.0
2016-08-04,34.4
2016-08-05,21.0
2016-08-06,20.0
2016-08-07,40.2
2016-08-08,15.0
2016-08-09,29.0
2016-08-10,24.1
2016-08-11,25.0
2016-08-12,27.6
2016-08-13,32.0
2016-08-14,18.21666667
2016-08-15,21.0
2016-08-16,14.45
2016-08-17,9.5
2016-08-18,25.6
2016-08-19,27.0
2016-08-20,26.2
2016-08-21,39.0
2016-08-22,23.2
2016-08-23,14.7
2016-08-24,11.3
2016-08-25,19.4
2016-08-26,20.7
2016-08-27,17.51666667
2016-08-28,37.0
2016-08-29,14.2
2016-08-30,8.9
2016-08-31,23.2
2016-09-01,31.4
2016-09-02,10.0
2016-09-03,54.2
2016-09-04,30.9
2016-09-05,34.3
2016-09-06,32.8
2016-09-07,37.6
2016-09-08,33.0
2016-09-09,26.124
2016-09-10,34.0
2016-09-11,57.2
2016-09-12,24.0
2016-09-13,32.0
2016-09-14,24.4
2016-09-15,38.0
2016-09-16,26.3
2016-09-17,56.0
2016-09-18,24.45
2016-09-19,31.0
2016-09-20,33.4
2016-09-21,19.7
2016-09-22,29.4
2016-09-23,28.4
2016-09-24,61.2
2016-09-25,61.125
2016-09-26,57.6
2016-09-27,51.7
2016-09-28,64.5
2016-09-29,50.6
2016-09-30,23.4
2016-10-01,54.038
2016-10-02,80.5
2016-10-03,59.662
2016-10-04,47.6
2016-10-05,78.2
2016-10-06,44.0
2016-10-07,47.625
2016-10-08,52.7
2016-10-09,88.4
2016-10-10,31.6
2016-10-11,52.6
2016-10-12,45.75
2016-10-13,42.2
2016-10-14,38.7
2016-10-15,47.2
2016-10-16,89.3
2016-10-17,50.8
2016-10-18,42.1
2016-10-19,26.7
2016-10-20,52.5
2016-10-21,40.8
2016-10-22,29.7
2016-10-23,51.21666667
2016-10-24,37.0
2016-10-25,62.4
2016-10-26,28.4
2016-10-27,32.2
2016-10-28,34.4
2016-10-29,78.5
2016-10-30,73.1
2016-10-31,43.8
2016-11-01,25.9
2016-11-02,42.2
2016-11-03,42.5
2016-11-04,24.3
2016-11-05,35.4
2016-11-06,42.45
2016-11-07,35.0
2016-11-08,20.0
2016-11-09,25.0
2016-11-10,31.1
2016-11-11,33.0
2016-11-12,56.5
2016-11-13,60.2
2016-11-14,50.5
2016-11-15,30.1
2016-11-16,38.912
2016-11-17,41.4
2016-11-18,31.0
2016-11-19,35.4
2016-11-20,25.5
2016-11-21,30.0
2016-11-22,23.0
2016-11-23,44.124
2016-11-24,28.0
2016-11-25,21.0
2016-11-26,36.0
2016-11-27,61.0
2016-11-28,23.0
2016-11-29,45.6
2016-11-30,24.6
2016-12-01,55.662
2016-12-02,43.0
2016-12-03,43.3
2016-12-04,67.0
2016-12-05,23.0
2016-12-06,27.2
2016-12-07,47.0
2016-12-08,35.7
2016-12-09,35.062
2016-12-10,45.4
2016-12-11,62.062
2016-12-12,44.5
2016-12-13,43.6
2016-12-14,32.2
2016-12-15,22.8
2016-12-16,39.775
2016-12-17,59.95
2016-12-18,60.7
2016-12-19,0.0
2016-12-20,46.0
2016-12-21,37.0
2016-12-22,38.4
2016-12-23,32.0
2016-12-24,82.0
2016-12-25,79.8
2016-12-26,58.924
2016-12-27,54.2
2016-12-28,57.2
2016-12-29,81.2
2016-12-30,161.0
2016-12-31,108.7
2017-01-01,25.675
2017-01-02,32.0
2017-01-03,66.8125
2017-01-04,56.76666667
2017-01-05,62.20833333
2017-01-06,65.5625
2017-01-07,34.625
2017-01-08,25.375
2017-01-09,56.125
2017-01-10,54.25
2017-01-11,51.04166667
2017-01-12,65.9375
2017-01-13,54.41666667
2017-01-14,47.91666667
2017-01-15,38.79166667
2017-01-16,63.5625
2017-01-17,48.45833333
2017-01-18,45.95833333
2017-01-19,37.75
2017-01-20,37.625
2017-01-21,50.20833333
2017-01-22,37.02083333
2017-01-23,41.75
2017-01-24,40.08333333
2017-01-25,51.1875
2017-01-26,36.625
2017-01-27,42.60916667
2017-01-28,32.08333333
2017-01-29,54.16666667
2017-01-30,35.5175
2017-01-31,47.25
2017-02-01,31.625
2017-02-02,42.29166667
2017-02-03,42.90083333
2017-02-04,27.70833333
2017-02-05,38.6
2017-02-06,13.0
2017-02-07,13.8
2017-02-08,36.0
2017-02-09,20.4
2017-02-10,23.2
2017-02-11,12.4
2017-02-12,27.4
2017-02-13,0.0
2017-02-14,22.0
2017-02-15,19.2
2017-02-16,31.6
2017-02-17,12.25
2017-02-18,30.0
2017-02-19,13.0
2017-02-20,33.1
2017-02-21,22.9
2017-02-22,21.1
2017-02-23,24.1
2017-02-24,29.8
2017-02-25,24.0
2017-02-26,15.7
2017-02-27,16.4
2017-02-28,26.4
2017-03-01,15.1
2017-03-02,13.0
2017-03-03,12.9
2017-03-04,17.0
2017-03-05,33.9
2017-03-06,19.6
2017-03-07,15.0
2017-03-08,15.2
2017-03-09,26.9
2017-03-10,26.3
2017-03-11,20.1
2017-03-12,48.0
2017-03-13,17.8
2017-03-14,15.0
2017-03-15,14.6
2017-03-16,28.2
2017-03-17,11.0
2017-03-18,20.4
2017-03-19,39.1
2017-03-20,16.1
2017-03-21,12.6
2017-03-22,16.4
2017-03-23,13.3
2017-03-24,12.3
2017-03-25,33.3
2017-03-26,18.0
2017-03-27,14.8
2017-03-28,22.0
2017-03-29,12.9
2017-03-30,9.5
2017-03-31,22.2
2017-04-01,34.0
2017-04-02,23.0
2017-04-03,25.6
2017-04-04,8.0
2017-04-05,13.6
2017-04-06,10.9
2017-04-07,16.0
2017-04-08,23.0
2017-04-09,22.0
2017-04-10,27.5
2017-04-11,17.0
2017-04-12,11.0
2017-04-13,30.9
2017-04-14,13.0
2017-04-15,27.25
2017-04-16,0.0
2017-04-17,18.4
2017-04-18,15.4
2017-04-19,14.0
2017-04-20,9.4
2017-04-21,29.0
2017-04-22,19.0
2017-04-23,25.5
2017-04-24,13.15
2017-04-25,24.0
2017-04-26,10.2
2017-04-27,11.0
2017-04-28,15.4
2017-04-29,15.0
2017-04-30,18.0
2017-05-01,1.2
2017-05-02,23.0
2017-05-03,18.2
2017-05-04,11.6
2017-05-05,6.6
2017-05-06,14.0
2017-05-07,18.25
2017-05-08,8.0
2017-05-09,11.0
2017-05-10,15.0
2017-05-11,16.0
2017-05-12,16.4
2017-05-13,12.0
2017-05-14,31.5
2017-05-15,17.0
2017-05-16,16.2
2017-05-17,9.0
2017-05-18,28.2
2017-05-19,31.6
2017-05-20,16.4
2017-05-21,32.2
2017-05-22,22.4
2017-05-23,11.0
2017-05-24,14.2
2017-05-25,18.2
2017-05-26,29.0
2017-05-27,23.4
2017-05-28,11.19
2017-05-29,28.0
2017-05-30,25.0
2017-05-31,12.2
2017-06-01,21.4
2017-06-02,17.4
2017-06-03,10.0
2017-06-04,23.4
2017-06-05,9.7
2017-06-06,18.0
2017-06-07,21.0
2017-06-08,21.0
2017-06-09,10.0
2017-06-10,15.0
2017-06-11,28.25
2017-06-12,13.6
2017-06-13,8.0
2017-06-14,9.0
2017-06-15,15.0
2017-06-16,12.25
2017-06-17,12.0
2017-06-18,26.6
2017-06-19,18.0
2017-06-20,12.0
2017-06-21,21.0
2017-06-22,7.0
2017-06-23,16.0
2017-06-24,32.0
2017-06-25,22.0
2017-06-26,10.0
2017-06-27,13.5
2017-06-28,18.0
2017-06-29,17.0
2017-06-30,18.0
2017-07-01,10.0
2017-07-02,9.0
2017-07-03,8.0
2017-07-04,18.0
2017-07-05,16.0
2017-07-06,20.6
2017-07-07,17.0
2017-07-08,16.0
2017-07-09,15.0
2017-07-10,12.0
2017-07-11,18.0
2017-07-12,15.4
2017-07-13,9.6
2017-07-14,16.0
2017-07-15,21.0
2017-07-16,19.0
2017-07-17,16.4
2017-07-18,14.0
2017-07-19,20.6
2017-07-20,18.0
2017-07-21,14.0
2017-07-22,22.0
2017-07-23,12.0
2017-07-24,15.0
2017-07-25,14.0
2017-07-26,15.0
2017-07-27,12.4
2017-07-28,17.2
2017-07-29,14.15
2017-07-30,13.0
2017-07-31,21.0
2017-08-01,15.6
2017-08-02,25.0
2017-08-03,10.0
2017-08-04,15.0
2017-08-05,13.312
2017-08-06,13.0
2017-08-07,16.0
2017-08-08,11.188
2017-08-09,13.0
2017-08-10,9.0
2017-08-11,8.0
2017-08-12,22.6
2017-08-13,24.0
2017-08-14,13.0
2017-08-15,35.0
2017-08-16,10.45
2017-08-17,12.0
2017-08-18,15.0
2017-08-19,16.0
2017-08-20,14.4
2017-08-21,19.0
2017-08-22,22.2
2017-08-23,42.0
2017-08-24,27.0
2017-08-25,20.25
2017-08-26,19.0
2017-08-27,21.3
2017-08-28,16.0
2017-08-29,17.0
2017-08-30,17.0
2017-08-31,17.0
2017-09-01,20.6
2017-09-02,18.4
2017-09-03,18.4
2017-09-04,24.0
2017-09-05,19.1
2017-09-06,32.0
2017-09-07,18.0
2017-09-08,34.0
2017-09-09,20.0
2017-09-10,35.6
2017-09-11,12.0
2017-09-12,18.25
2017-09-13,25.0
2017-09-14,22.4
2017-09-15,16.0
2017-09-16,27.3
2017-09-17,32.0
2017-09-18,27.0
2017-09-19,43.25
2017-09-20,35.45
2017-09-21,19.7
2017-09-22,27.5
2017-09-23,14.45
2017-09-24,52.4
2017-09-25,39.2
2017-09-26,38.6
2017-09-27,38.0
2017-09-28,37.85
2017-09-29,35.4
2017-09-30,61.9
2017-10-01,72.1
2017-10-02,18.0
2017-10-03,57.2
2017-10-04,37.0
2017-10-05,40.8
2017-10-06,39.8
2017-10-07,35.25
2017-10-08,77.1
2017-10-09,0.0
2017-10-10,25.0
2017-10-11,39.4
2017-10-12,41.0
2017-10-13,38.0
2017-10-14,42.2
2017-10-15,37.0
2017-10-16,45.1
2017-10-17,26.2
2017-10-18,52.85
2017-10-19,25.5
2017-10-20,36.25
2017-10-21,25.2
2017-10-22,57.8
2017-10-23,28.6
2017-10-24,65.2
2017-10-25,26.9
2017-10-26,38.0
2017-10-27,26.0
2017-10-28,24.1
2017-10-29,36.0
2017-10-30,32.8
2017-10-31,38.0
2017-11-01,23.0
2017-11-02,22.1
2017-11-03,37.4
2017-11-04,33.0
2017-11-05,35.45
2017-11-06,20.2
2017-11-07,20.0
2017-11-08,9.2
2017-11-09,28.8
2017-11-10,34.0
2017-11-11,32.0
2017-11-12,40.0
2017-11-13,44.2
2017-11-14,6.8
2017-11-15,17.0
2017-11-16,17.6
2017-11-17,34.0
2017-11-18,42.5
2017-11-19,29.0
2017-11-20,28.8
2017-11-21,22.4
2017-11-22,26.1
2017-11-23,34.3
2017-11-24,34.324
2017-11-25,26.5
2017-11-26,31.2
2017-11-27,34.825
2017-11-28,40.6
2017-11-29,32.6
2017-11-30,30.0
2017-12-01,25.4
2017-12-02,22.0
2017-12-03,33.4
2017-12-04,15.6
2017-12-05,17.1
2017-12-06,29.2
2017-12-07,24.9
2017-12-08,44.2
2017-12-09,36.6
2017-12-10,48.0
2017-12-11,34.4
2017-12-12,44.0
2017-12-13,29.0
2017-12-14,30.0
2017-12-15,29.0
2017-12-16,36.6
2017-12-17,37.0
2017-12-18,31.6
2017-12-19,0.0
2017-12-20,27.2
2017-12-21,23.4
2017-12-22,26.0
2017-12-23,28.3
2017-12-24,32.2
2017-12-25,15.53
2017-12-26,56.9
2017-12-27,32.7
2017-12-28,35.35
2017-12-29,41.4
2017-12-30,50.0
2017-12-31,70.2
2018-01-01,0.0
2018-01-02,38.0
2018-01-03,54.0
2018-01-04,39.2
2018-01-05,26.0
2018-01-06,73.0
2018-01-07,0.0
2018-01-08,29.6
2018-01-09,33.825
2018-01-10,44.5
2018-01-11,37.6
2018-01-12,42.0
2018-01-13,32.0
2018-01-14,36.0
2018-01-15,26.0
2018-01-16,18.0
2018-01-17,30.2
2018-01-18,58.4
2018-01-19,23.4
2018-01-20,38.0
2018-01-21,32.8
2018-01-22,29.0
2018-01-23,38.6
2018-01-24,32.0
2018-01-25,36.8
2018-01-26,62.2
2018-01-27,52.9
2018-01-28,55.0
2018-01-29,47.9
2018-01-30,37.0
2018-01-31,30.4
2018-02-01,30.5
2018-02-02,54.6
2018-02-03,67.1
2018-02-04,50.6
2018-02-05,53.0
2018-02-06,51.5
2018-02-07,44.8
2018-02-08,47.0
2018-02-09,47.0
2018-02-10,60.4
2018-02-11,63.25
2018-02-12,36.3
2018-02-13,17.8
2018-02-14,50.3
2018-02-15,74.6
2018-02-16,65.162
2018-02-17,50.4
2018-02-18,44.0
2018-02-19,27.0
2018-02-20,30.2
2018-02-21,27.4
2018-02-22,30.0
2018-02-23,34.2
2018-02-24,43.5
2018-02-25,36.8
2018-02-26,46.6
2018-02-27,26.7
2018-02-28,44.662
2018-03-01,26.4
2018-03-02,38.4
2018-03-03,40.187
2018-03-04,33.6
2018-03-05,25.0
2018-03-06,22.2
2018-03-07,20.2
2018-03-08,25.8
2018-03-09,41.0
2018-03-10,21.7
2018-03-11,68.0
2018-03-12,22.2
2018-03-13,15.2
2018-03-14,31.0
2018-03-15,23.9
2018-03-16,29.0
2018-03-17,65.0
2018-03-18,21.5
2018-03-19,19.6
2018-03-20,48.6
2018-03-21,27.0
2018-03-22,24.6
2018-03-23,34.0
2018-03-24,40.0
2018-03-25,47.312
2018-03-26,27.6
2018-03-27,28.0
2018-03-28,11.924
2018-03-29,28.2
2018-03-30,42.0
2018-03-31,50.0
2018-04-01,37.0
2018-04-02,30.0
2018-04-03,38.0
2018-04-04,29.0
2018-04-05,39.0
2018-04-06,33.525
2018-04-07,40.0
2018-04-08,0.0
2018-04-09,25.0
2018-04-10,38.3
2018-04-11,28.0
2018-04-12,17.4
2018-04-13,23.0
2018-04-14,24.0
2018-04-15,20.0
2018-04-16,40.5
2018-04-17,16.0
2018-04-18,25.25
2018-04-19,31.375
2018-04-20,15.0
2018-04-21,40.4
2018-04-22,42.5
2018-04-23,15.562
2018-04-24,20.0
2018-04-25,18.1
2018-04-26,18.0
2018-04-27,43.0
2018-04-28,27.25
2018-04-29,14.0
2018-04-30,14.125
2018-05-01,6.2
2018-05-02,38.2
2018-05-03,27.262
2018-05-04,8.75
2018-05-05,24.0
2018-05-06,18.2
2018-05-07,22.0
2018-05-08,15.0
2018-05-09,24.4
2018-05-10,39.0
2018-05-11,19.0
2018-05-12,27.0
2018-05-13,14.4
2018-05-14,20.0
2018-05-15,14.0
2018-05-16,13.4
2018-05-17,16.0
2018-05-18,30.0
2018-05-19,18.4
2018-05-20,45.0
2018-05-21,14.6
2018-05-22,8.062
2018-05-23,11.0
2018-05-24,20.2
2018-05-25,16.4
2018-05-26,16.262
2018-05-27,49.262
2018-05-28,19.6
2018-05-29,21.25
2018-05-30,16.4
2018-05-31,11.4
2018-06-01,29.0
2018-06-02,23.0
2018-06-03,22.4
2018-06-04,19.0
2018-06-05,20.0
2018-06-06,17.25
2018-06-07,19.0
2018-06-08,9.0
2018-06-09,21.0
2018-06-10,33.2
2018-06-11,17.0
2018-06-12,18.186
2018-06-13,22.25
2018-06-14,22.0
2018-06-15,11.133
2018-06-16,10.0
2018-06-17,24.0
2018-06-18,14.0
2018-06-19,23.0
2018-06-20,15.062
2018-06-21,36.0
2018-06-22,12.0
2018-06-23,14.0
2018-06-24,29.0
2018-06-25,31.062
2018-06-26,15.0
2018-06-27,11.0
2018-06-28,10.0
2018-06-29,10.0
2018-06-30,26.8
2018-07-01,22.0
2018-07-02,24.6
2018-07-03,13.6
2018-07-04,16.25
2018-07-05,15.0
2018-07-06,20.0
2018-07-07,19.0
2018-07-08,28.0
2018-07-09,31.0
2018-07-10,34.0
2018-07-11,29.4
2018-07-12,24.0
2018-07-13,22.0
2018-07-14,26.0
2018-07-15,23.0
2018-07-16,22.0
2018-07-17,29.4
2018-07-18,10.0
2018-07-19,16.0
2018-07-20,35.2
2018-07-21,22.0
2018-07-22,31.0
2018-07-23,12.0
2018-07-24,22.0
2018-07-25,16.0
2018-07-26,24.0
2018-07-27,19.4
2018-07-28,24.5
2018-07-29,9.0
2018-07-30,26.0
2018-07-31,13.0
2018-08-01,14.0
2018-08-02,11.0
2018-08-03,21.0
2018-08-04,8.0
2018-08-05,13.0
2018-08-06,21.388
2018-08-07,15.0
2018-08-08,10.0
2018-08-09,29.4
2018-08-10,19.0
2018-08-11,37.0
2018-08-12,16.0
2018-08-13,23.25
2018-08-14,12.0
2018-08-15,32.2
2018-08-16,27.4
2018-08-17,23.0
2018-08-18,32.1
2018-08-19,19.9
2018-08-20,21.4
2018-08-21,26.2
2018-08-22,18.0
2018-08-23,35.0
2018-08-24,38.5
2018-08-25,27.0
2018-08-26,57.0
2018-08-27,16.0
2018-08-28,26.4
2018-08-29,28.5
2018-08-30,38.0
2018-08-31,17.2
2018-09-01,19.0
2018-09-02,20.0
2018-09-03,27.4
2018-09-04,22.0
2018-09-05,28.0
2018-09-06,18.4
2018-09-07,42.0
2018-09-08,35.4
2018-09-09,50.0
2018-09-10,49.4
2018-09-11,50.6
2018-09-12,35.0
2018-09-13,20.6
2018-09-14,54.0
2018-09-15,19.7
2018-09-16,24.25
2018-09-17,44.4
2018-09-18,20.0
2018-09-19,26.0
2018-09-20,24.2
2018-09-21,33.1
2018-09-22,31.6
2018-09-23,42.862
2018-09-24,53.8
2018-09-25,53.85
2018-09-26,41.4
2018-09-27,19.0
2018-09-28,40.6
2018-09-29,57.7
2018-09-30,54.0
2018-10-01,53.0
2018-10-02,18.6
2018-10-03,34.9
2018-10-04,32.0
2018-10-05,22.8
2018-10-06,59.25
2018-10-07,42.4
2018-10-08,30.0
2018-10-09,30.0
2018-10-10,41.2
2018-10-11,31.0
2018-10-12,26.0
2018-10-13,29.6
2018-10-14,51.7
2018-10-15,47.6
2018-10-16,27.3
2018-10-17,52.2
2018-10-18,14.0
2018-10-19,10.6
2018-10-20,33.0
2018-10-21,56.3
2018-10-22,18.8
2018-10-23,44.8
2018-10-24,37.2
2018-10-25,52.2
2018-10-26,44.0
2018-10-27,49.975
2018-10-28,53.75
2018-10-29,32.8
2018-10-30,18.2
2018-10-31,34.1
2018-11-01,25.0
2018-11-02,32.6
2018-11-03,45.4
2018-11-04,52.0
2018-11-05,29.0
2018-11-06,37.7
2018-11-07,38.9
2018-11-08,38.0
2018-11-09,43.0
2018-11-10,35.6
2018-11-11,33.65
2018-11-12,35.0
2018-11-13,29.7
2018-11-14,28.4
2018-11-15,49.6
2018-11-16,21.5
2018-11-17,39.0
2018-11-18,32.9
2018-11-19,47.2
2018-11-20,31.5
2018-11-21,22.0
2018-11-22,22.4
2018-11-23,29.6
2018-11-24,29.2
2018-11-25,19.1
2018-11-26,36.3
2018-11-27,41.5
2018-11-28,24.4
2018-11-29,22.6
2018-11-30,22.4
2018-12-01,41.0
2018-12-02,65.7
2018-12-03,44.0
2018-12-04,32.2
2018-12-05,41.3
2018-12-06,0.0
2018-12-07,47.4
2018-12-08,0.0
2018-12-09,57.7
2018-12-10,23.8
2018-12-11,28.0
2018-12-12,37.6
2018-12-13,47.5
2018-12-14,23.4
2018-12-15,62.4
2018-12-16,27.0
2018-12-17,53.0
2018-12-18,34.5
2018-12-19,0.0
2018-12-20,27.0
2018-12-21,35.0
2018-12-22,43.4
2018-12-23,47.7
2018-12-24,32.0
2018-12-25,42.6
2018-12-26,50.0
2018-12-27,40.6
2018-12-28,56.4
2018-12-29,68.35
2018-12-30,59.9
2018-12-31,44.5
2019-01-01,0.0
2019-01-02,36.8
2019-01-03,42.4
2019-01-04,55.8
2019-01-05,62.75
2019-01-06,47.4
2019-01-07,0.0
2019-01-08,41.8
2019-01-09,64.8
2019-01-10,39.1
2019-01-11,61.6
2019-01-12,74.5
2019-01-13,73.0
2019-01-14,51.0
2019-01-15,30.4
2019-01-16,48.8
2019-01-17,55.6
2019-01-18,27.8
2019-01-19,77.4
2019-01-20,93.05
2019-01-21,67.15
2019-01-22,74.9
2019-01-23,58.4
2019-01-24,47.3
2019-01-25,32.65
2019-01-26,97.8
2019-01-27,100.1
2019-01-28,45.0
2019-01-29,38.8
2019-01-30,52.312
2019-01-31,62.2
2019-02-01,38.9
2019-02-02,64.262
2019-02-03,47.088
2019-02-04,47.0
2019-02-05,33.8
2019-02-06,29.0
2019-02-07,42.6
2019-02-08,50.2
2019-02-09,51.65
2019-02-10,43.2
2019-02-11,30.0
2019-02-12,34.6
2019-02-13,27.2
2019-02-14,54.5
2019-02-15,52.05
2019-02-16,36.4
2019-02-17,15.162
2019-02-18,27.4
2019-02-19,27.4
2019-02-20,30.6
2019-02-21,45.4
2019-02-22,16.0
2019-02-23,38.2
2019-02-24,19.0
2019-02-25,25.2
2019-02-26,27.0
2019-02-27,13.4
2019-02-28,34.0
2019-03-01,22.2
2019-03-02,46.0
2019-03-03,20.0
2019-03-04,41.0
2019-03-05,20.0
2019-03-06,31.0
2019-03-07,10.0
2019-03-08,33.7
2019-03-09,45.2
2019-03-10,51.0
2019-03-11,26.4
2019-03-12,31.85
2019-03-13,22.0
2019-03-14,47.2
2019-03-15,40.0
2019-03-16,29.0
2019-03-17,55.0
2019-03-18,23.0
2019-03-19,26.2
2019-03-20,28.9
2019-03-21,18.8
2019-03-22,41.0
2019-03-23,15.5
2019-03-24,43.2
2019-03-25,27.0
2019-03-26,36.0
2019-03-27,25.6
2019-03-28,14.0
2019-03-29,25.3
2019-03-30,18.0
2019-03-31,27.0
2019-04-01,34.65
2019-04-02,24.0
2019-04-03,18.3
2019-04-04,39.0
2019-04-05,25.2
2019-04-06,13.2
2019-04-07,19.0
2019-04-08,10.0
2019-04-09,12.0
2019-04-10,34.0
2019-04-11,15.9
2019-04-12,16.6
2019-04-13,14.0
2019-04-14,23.0
2019-04-15,8.8
2019-04-16,27.2
2019-04-17,13.5
2019-04-18,0.0
2019-04-19,25.0
2019-04-20,22.4
2019-04-21,21.0
2019-04-22,51.0
2019-04-23,18.4
2019-04-24,39.1
2019-04-25,15.0
2019-04-26,32.6
2019-04-27,25.2
2019-04-28,0.0
2019-04-29,27.6
2019-04-30,22.0
2019-05-01,8.0
2019-05-02,20.0
2019-05-03,24.0
2019-05-04,25.0
2019-05-05,31.0
2019-05-06,23.0
2019-05-07,33.4
2019-05-08,13.0
2019-05-09,12.5
2019-05-10,11.6
2019-05-11,16.8
2019-05-12,38.8
2019-05-13,26.2
2019-05-14,25.0
2019-05-15,28.4
2019-05-16,12.0
2019-05-17,28.0
2019-05-18,14.0
2019-05-19,26.4
2019-05-20,21.3
2019-05-21,17.6
2019-05-22,28.2
2019-05-23,26.1
2019-05-24,36.2
2019-05-25,35.0
2019-05-26,30.0
2019-05-27,19.0
2019-05-28,18.2
2019-05-29,15.0
2019-05-30,17.2
2019-05-31,22.662
2019-06-01,21.4
2019-06-02,28.0
2019-06-03,15.4
2019-06-04,28.2
2019-06-05,26.1
2019-06-06,27.0
2019-06-07,22.0
2019-06-08,22.4
2019-06-09,16.5
2019-06-10,15.0
2019-06-11,25.0
2019-06-12,16.2
2019-06-13,19.4
2019-06-14,15.0
2019-06-15,15.0
2019-06-16,18.0
2019-06-17,18.0
2019-06-18,29.5
2019-06-19,18.0
2019-06-20,15.0
2019-06-21,24.8
2019-06-22,25.0
2019-06-23,18.2
2019-06-24,19.0
2019-06-25,12.0
2019-06-26,11.6
2019-06-27,15.0
2019-06-28,15.0
2019-06-29,18.3
2019-06-30,40.0
2019-07-01,14.0
2019-07-02,14.0
2019-07-03,30.05
2019-07-04,13.0
2019-07-05,20.0
2019-07-06,16.0
2019-07-07,25.0
2019-07-08,21.4
2019-07-09,15.0
2019-07-10,19.6
2019-07-11,19.0
2019-07-12,34.0
2019-07-13,17.6
2019-07-14,23.0
2019-07-15,24.0
2019-07-16,14.0
2019-07-17,26.0
2019-07-18,24.0
2019-07-19,28.0
2019-07-20,17.2
2019-07-21,16.0
2019-07-22,14.25
2019-07-23,7.25
2019-07-24,30.875
2019-07-25,20.0
2019-07-26,17.0
2019-07-27,22.0
2019-07-28,13.0
2019-07-29,25.45
2019-07-30,19.0
2019-07-31,21.0
2019-08-01,37.0
2019-08-02,18.0
2019-08-03,12.0
2019-08-04,24.0
2019-08-05,6.0
2019-08-06,17.25
2019-08-07,9.0
2019-08-08,15.0
2019-08-09,8.0
2019-08-10,15.0
2019-08-11,16.0
2019-08-12,36.0
2019-08-13,15.0
2019-08-14,20.0
2019-08-15,12.0
2019-08-16,13.0
2019-08-17,18.0
2019-08-18,11.0
2019-08-19,9.0
2019-08-20,13.4
2019-08-21,19.45
2019-08-22,20.0
2019-08-23,12.0
2019-08-24,24.6
2019-08-25,17.0
2019-08-26,18.0
2019-08-27,21.0
2019-08-28,10.0
2019-08-29,17.4
2019-08-30,19.0
2019-08-31,15.0
2019-09-01,17.0
2019-09-02,18.0
2019-09-03,12.125
2019-09-04,29.23
2019-09-05,14.0
2019-09-06,28.4
2019-09-07,27.0
2019-09-08,26.0
2019-09-09,26.0
2019-09-10,22.0
2019-09-11,42.0
2019-09-12,21.975
2019-09-13,17.0
2019-09-14,24.0
2019-09-15,25.4
2019-09-16,22.0
2019-09-17,19.2
2019-09-18,22.0
2019-09-19,33.0
2019-09-20,51.3
2019-09-21,44.25
2019-09-22,56.5
2019-09-23,55.0
2019-09-24,61.3
2019-09-25,32.5
2019-09-26,31.0
2019-09-27,41.1
2019-09-28,48.0
2019-09-29,67.8
2019-09-30,49.4
2019-10-01,47.0
2019-10-02,30.2
2019-10-03,40.4
2019-10-04,22.45
2019-10-05,25.4
2019-10-06,34.6
2019-10-07,50.8
2019-10-08,44.3
